date,sujet,nom,scenario,vrai_oui_pct,erreur_max_pts,hors_cadre,avance_err_1pt,avance_err_0_5pt,erreur_a_10pct,erreur_a_25pct,erreur_a_50pct,avance_levier_sous_seuil,nb_communes,nb_objets_acp
2016-11-27,6080,Initiative populaire «Pour la sortie programmée de l'énergie nucléaire,adversarial_bas,45.804,29.175,115,0.626,0.6875,9.002,5.098,1.974,0.0243,2115,21
2016-11-27,6080,Initiative populaire «Pour la sortie programmée de l'énergie nucléaire,adversarial_bas_mediane,45.804,29.175,115,0.626,0.6875,9.002,5.098,1.974,0.0243,2115,21
2016-11-27,6080,Initiative populaire «Pour la sortie programmée de l'énergie nucléaire,adversarial_bas_depouillement,45.804,29.774,170,0.9693,1.0,16.316,12.547,8.478,0.0243,2115,21
2016-11-27,6080,Initiative populaire «Pour la sortie programmée de l'énergie nucléaire,adversarial_haut,45.804,29.639,136,0.755,0.9106,11.485,5.425,2.577,0.0822,2115,21
2016-11-27,6080,Initiative populaire «Pour la sortie programmée de l'énergie nucléaire,adversarial_haut_mediane,45.804,29.639,136,0.755,0.9106,11.485,5.425,2.577,0.0822,2115,21
2016-11-27,6080,Initiative populaire «Pour la sortie programmée de l'énergie nucléaire,adversarial_haut_depouillement,45.804,24.064,172,0.9693,1.0,17.657,13.825,8.479,0.0822,2115,21
2016-11-27,6080,Initiative populaire «Pour la sortie programmée de l'énergie nucléaire,realiste,45.804,2.056,0,0.0875,0.3052,0.91,0.543,0.313,0.0037,2115,21
2016-11-27,6080,Initiative populaire «Pour la sortie programmée de l'énergie nucléaire,realiste_mediane,45.804,2.073,0,0.0875,0.3149,0.904,0.531,0.31,0.0037,2115,21
2016-11-27,6080,Initiative populaire «Pour la sortie programmée de l'énergie nucléaire,realiste_depouillement,45.804,4.026,0,0.9106,0.9693,3.917,3.987,3.479,0.0037,2115,21
2016-11-27,6080,Initiative populaire «Pour la sortie programmée de l'énergie nucléaire,realiste_enveloppe,45.804,5.749,0,0.2377,0.7093,1.517,0.97,0.679,0.0037,2115,21
2017-02-12,6090,Arrêté fédéral concernant la naturalisation facilitée des étrangers de,adversarial_bas,60.409,31.402,116,0.57,0.6663,8.506,4.331,1.701,0.0098,2115,22
2017-02-12,6090,Arrêté fédéral concernant la naturalisation facilitée des étrangers de,adversarial_bas_mediane,60.409,31.402,116,0.57,0.6663,8.506,4.331,1.701,0.0098,2115,22
2017-02-12,6090,Arrêté fédéral concernant la naturalisation facilitée des étrangers de,adversarial_bas_depouillement,60.409,37.482,177,0.9693,1.0,19.628,14.855,9.845,0.0098,2115,22
2017-02-12,6090,Arrêté fédéral concernant la naturalisation facilitée des étrangers de,adversarial_haut,60.409,26.621,141,0.6875,0.8036,14.706,7.882,2.237,0.0797,2115,22
2017-02-12,6090,Arrêté fédéral concernant la naturalisation facilitée des étrangers de,adversarial_haut_mediane,60.409,26.621,141,0.6875,0.8036,14.706,7.882,2.237,0.0797,2115,22
2017-02-12,6090,Arrêté fédéral concernant la naturalisation facilitée des étrangers de,adversarial_haut_depouillement,60.409,22.384,168,0.9693,1.0,18.222,15.118,9.843,0.0797,2115,22
2017-02-12,6090,Arrêté fédéral concernant la naturalisation facilitée des étrangers de,realiste,60.409,0.551,0,0.002,0.0027,0.21,0.091,0.025,0.0039,2115,22
2017-02-12,6090,Arrêté fédéral concernant la naturalisation facilitée des étrangers de,realiste_mediane,60.409,0.709,0,0.002,0.0025,0.206,0.095,0.017,0.0039,2115,22
2017-02-12,6090,Arrêté fédéral concernant la naturalisation facilitée des étrangers de,realiste_depouillement,60.409,4.998,0,0.9106,0.9693,4.959,4.65,3.792,0.0039,2115,22
2017-02-12,6090,Arrêté fédéral concernant la naturalisation facilitée des étrangers de,realiste_enveloppe,60.409,3.586,0,0.0484,0.2531,0.863,0.488,0.304,0.0039,2115,22
2017-05-21,6120,Loi sur l'énergie (LEne),adversarial_bas,58.216,31.827,115,0.6067,0.6875,8.391,4.993,1.762,0.013,2115,25
2017-05-21,6120,Loi sur l'énergie (LEne),adversarial_bas_mediane,58.216,31.827,115,0.6067,0.6875,8.391,4.993,1.762,0.013,2115,25
2017-05-21,6120,Loi sur l'énergie (LEne),adversarial_bas_depouillement,58.216,35.606,173,0.9693,1.0,18.218,13.585,8.975,0.013,2115,25
2017-05-21,6120,Loi sur l'énergie (LEne),adversarial_haut,58.216,29.535,89,0.7318,0.9106,11.483,6.366,2.48,0.0703,2115,25
2017-05-21,6120,Loi sur l'énergie (LEne),adversarial_haut_mediane,58.216,29.535,89,0.7318,0.9106,11.483,6.366,2.48,0.0703,2115,25
2017-05-21,6120,Loi sur l'énergie (LEne),adversarial_haut_depouillement,58.216,24.976,129,0.9693,1.0,18.918,14.621,8.976,0.0703,2115,25
2017-05-21,6120,Loi sur l'énergie (LEne),realiste,58.216,0.316,0,0.002,0.002,0.002,0.085,0.115,0.004,2115,25
2017-05-21,6120,Loi sur l'énergie (LEne),realiste_mediane,58.216,0.501,0,0.002,0.0079,0.03,0.089,0.123,0.004,2115,25
2017-05-21,6120,Loi sur l'énergie (LEne),realiste_depouillement,58.216,4.214,0,0.9106,0.9693,4.166,4.017,3.432,0.004,2115,25
2017-05-21,6120,Loi sur l'énergie (LEne),realiste_enveloppe,58.216,4.293,0,0.0414,0.1488,0.686,0.404,0.311,0.004,2115,25
2017-09-24,6130,Arrêté fédéral sur la sécurité alimentaire,adversarial_bas,78.732,22.252,118,0.7789,0.8554,9.128,6.408,3.875,0.0122,2115,26
2017-09-24,6130,Arrêté fédéral sur la sécurité alimentaire,adversarial_bas_mediane,78.732,22.252,118,0.7789,0.8554,9.128,6.408,3.875,0.0122,2115,26
2017-09-24,6130,Arrêté fédéral sur la sécurité alimentaire,adversarial_bas_depouillement,78.732,21.716,133,0.9395,0.9693,10.618,7.896,5.494,0.0122,2115,26
2017-09-24,6130,Arrêté fédéral sur la sécurité alimentaire,adversarial_haut,78.732,20.579,144,0.8291,0.9395,13.085,8.264,2.671,0.0332,2115,26
2017-09-24,6130,Arrêté fédéral sur la sécurité alimentaire,adversarial_haut_mediane,78.732,20.579,144,0.8291,0.9395,13.085,8.264,2.671,0.0332,2115,26
2017-09-24,6130,Arrêté fédéral sur la sécurité alimentaire,adversarial_haut_depouillement,78.732,17.974,159,0.9395,0.9693,13.534,10.789,5.499,0.0332,2115,26
2017-09-24,6130,Arrêté fédéral sur la sécurité alimentaire,realiste,78.732,1.223,0,0.0148,0.3568,0.712,0.563,0.409,0.0039,2115,26
2017-09-24,6130,Arrêté fédéral sur la sécurité alimentaire,realiste_mediane,78.732,1.315,0,0.0126,0.4043,0.731,0.565,0.391,0.0039,2115,26
2017-09-24,6130,Arrêté fédéral sur la sécurité alimentaire,realiste_depouillement,78.732,1.777,0,0.0126,0.57,0.068,0.441,0.524,0.0039,2115,26
2017-09-24,6130,Arrêté fédéral sur la sécurité alimentaire,realiste_enveloppe,78.732,4.21,0,0.1234,0.7093,1.118,0.887,0.701,0.0039,2115,26
2018-03-04,6160,Arrêté fédéral concernant le nouveau régime financier 2021,adversarial_bas,84.11,25.95,76,0.5355,0.6458,4.892,2.648,1.059,0.0066,2115,29
2018-03-04,6160,Arrêté fédéral concernant le nouveau régime financier 2021,adversarial_bas_mediane,84.11,25.95,76,0.5355,0.6458,4.892,2.648,1.059,0.0066,2115,29
2018-03-04,6160,Arrêté fédéral concernant le nouveau régime financier 2021,adversarial_bas_depouillement,84.11,19.146,106,0.8554,0.9395,8.331,5.602,3.248,0.0066,2115,29
2018-03-04,6160,Arrêté fédéral concernant le nouveau régime financier 2021,adversarial_haut,84.11,11.634,44,0.755,0.9106,6.532,3.891,1.946,0.0167,2115,29
2018-03-04,6160,Arrêté fédéral concernant le nouveau régime financier 2021,adversarial_haut_mediane,84.11,11.634,44,0.755,0.9106,6.532,3.891,1.946,0.0167,2115,29
2018-03-04,6160,Arrêté fédéral concernant le nouveau régime financier 2021,adversarial_haut_depouillement,84.11,10.18,7,0.9106,0.9693,6.218,4.95,3.247,0.0167,2115,29
2018-03-04,6160,Arrêté fédéral concernant le nouveau régime financier 2021,realiste,84.11,0.284,0,0.002,0.002,0.28,0.213,0.084,0.0034,2115,29
2018-03-04,6160,Arrêté fédéral concernant le nouveau régime financier 2021,realiste_mediane,84.11,0.307,0,0.002,0.002,0.272,0.207,0.091,0.0034,2115,29
2018-03-04,6160,Arrêté fédéral concernant le nouveau régime financier 2021,realiste_depouillement,84.11,1.855,0,0.519,0.8554,1.568,1.338,1.02,0.0034,2115,29
2018-03-04,6160,Arrêté fédéral concernant le nouveau régime financier 2021,realiste_enveloppe,84.11,2.945,0,0.0293,0.2234,0.618,0.457,0.236,0.0034,2115,29
2018-06-10,6180,Initiative populaire «Pour une monnaie à l'abri des crises: émission m,adversarial_bas,24.281,16.952,91,0.8554,0.9693,7.657,5.143,3.144,0.0139,2115,31
2018-06-10,6180,Initiative populaire «Pour une monnaie à l'abri des crises: émission m,adversarial_bas_mediane,24.281,16.952,91,0.8554,0.9693,7.657,5.143,3.144,0.0139,2115,31
2018-06-10,6180,Initiative populaire «Pour une monnaie à l'abri des crises: émission m,adversarial_bas_depouillement,24.281,15.209,105,0.9693,1.0,8.768,6.653,4.576,0.0139,2115,31
2018-06-10,6180,Initiative populaire «Pour une monnaie à l'abri des crises: émission m,adversarial_haut,24.281,142.373,78,0.755,0.8826,5.511,4.522,2.073,0.044,2115,31
2018-06-10,6180,Initiative populaire «Pour une monnaie à l'abri des crises: émission m,adversarial_haut_mediane,24.281,142.373,78,0.755,0.8826,5.511,4.522,2.073,0.044,2115,31
2018-06-10,6180,Initiative populaire «Pour une monnaie à l'abri des crises: émission m,adversarial_haut_depouillement,24.281,22.761,115,0.9106,0.9693,12.782,8.293,4.577,0.044,2115,31
2018-06-10,6180,Initiative populaire «Pour une monnaie à l'abri des crises: émission m,realiste,24.281,0.727,0,0.002,0.2958,0.565,0.528,0.421,0.0053,2115,31
2018-06-10,6180,Initiative populaire «Pour une monnaie à l'abri des crises: émission m,realiste_mediane,24.281,0.845,0,0.002,0.4171,0.611,0.548,0.423,0.0053,2115,31
2018-06-10,6180,Initiative populaire «Pour une monnaie à l'abri des crises: émission m,realiste_depouillement,24.281,2.218,0,0.8291,0.9395,2.21,2.14,1.898,0.0053,2115,31
2018-06-10,6180,Initiative populaire «Pour une monnaie à l'abri des crises: émission m,realiste_enveloppe,24.281,3.987,0,0.1852,0.7093,0.969,0.854,0.75,0.0053,2115,31
2018-09-23,6200,Arrêté fédéral concernant les voies cyclables et les chemins et sentie,adversarial_bas,73.594,32.633,127,0.6875,0.8291,10.122,5.928,2.621,0.0115,2115,33
2018-09-23,6200,Arrêté fédéral concernant les voies cyclables et les chemins et sentie,adversarial_bas_mediane,73.594,32.633,127,0.6875,0.8291,10.122,5.928,2.621,0.0115,2115,33
2018-09-23,6200,Arrêté fédéral concernant les voies cyclables et les chemins et sentie,adversarial_bas_depouillement,73.594,32.377,157,0.9395,0.9693,14.399,10.232,6.353,0.0115,2115,33
2018-09-23,6200,Arrêté fédéral concernant les voies cyclables et les chemins et sentie,adversarial_haut,73.594,19.134,139,0.8554,0.9395,13.006,6.423,3.216,0.0621,2115,33
2018-09-23,6200,Arrêté fédéral concernant les voies cyclables et les chemins et sentie,adversarial_haut_mediane,73.594,19.134,139,0.8554,0.9395,13.006,6.423,3.216,0.0621,2115,33
2018-09-23,6200,Arrêté fédéral concernant les voies cyclables et les chemins et sentie,adversarial_haut_depouillement,73.594,18.777,156,0.9693,1.0,13.526,10.115,6.351,0.0621,2115,33
2018-09-23,6200,Arrêté fédéral concernant les voies cyclables et les chemins et sentie,realiste,73.594,0.825,0,0.002,0.6663,0.756,0.741,0.647,0.0048,2115,33
2018-09-23,6200,Arrêté fédéral concernant les voies cyclables et les chemins et sentie,realiste_mediane,73.594,0.886,0,0.002,0.6663,0.776,0.756,0.664,0.0048,2115,33
2018-09-23,6200,Arrêté fédéral concernant les voies cyclables et les chemins et sentie,realiste_depouillement,73.594,2.791,0,0.8036,0.9106,2.654,2.408,1.867,0.0048,2115,33
2018-09-23,6200,Arrêté fédéral concernant les voies cyclables et les chemins et sentie,realiste_enveloppe,73.594,3.998,0,0.5525,0.8291,1.418,1.11,0.973,0.0048,2115,33
2018-11-25,6230,Initiative populaire «Pour la dignité des animaux de rente agricoles (,adversarial_bas,45.271,29.897,150,0.9395,0.9693,14.387,9.151,5.295,0.0087,2115,36
2018-11-25,6230,Initiative populaire «Pour la dignité des animaux de rente agricoles (,adversarial_bas_mediane,45.271,29.897,150,0.9395,0.9693,14.387,9.151,5.295,0.0087,2115,36
2018-11-25,6230,Initiative populaire «Pour la dignité des animaux de rente agricoles (,adversarial_bas_depouillement,45.271,29.198,161,0.9693,1.0,16.741,11.26,6.706,0.0087,2115,36
2018-11-25,6230,Initiative populaire «Pour la dignité des animaux de rente agricoles (,adversarial_haut,45.271,23.947,146,0.9693,1.0,11.012,9.232,5.612,0.0251,2115,36
2018-11-25,6230,Initiative populaire «Pour la dignité des animaux de rente agricoles (,adversarial_haut_mediane,45.271,23.947,146,0.9693,1.0,11.012,9.232,5.612,0.0251,2115,36
2018-11-25,6230,Initiative populaire «Pour la dignité des animaux de rente agricoles (,adversarial_haut_depouillement,45.271,25.669,159,0.9693,1.0,14.306,10.488,6.705,0.0251,2115,36
2018-11-25,6230,Initiative populaire «Pour la dignité des animaux de rente agricoles (,realiste,45.271,4.487,0,0.519,0.7318,2.273,1.783,1.044,0.0039,2115,36
2018-11-25,6230,Initiative populaire «Pour la dignité des animaux de rente agricoles (,realiste_mediane,45.271,4.669,0,0.519,0.755,2.337,1.785,1.039,0.0039,2115,36
2018-11-25,6230,Initiative populaire «Pour la dignité des animaux de rente agricoles (,realiste_depouillement,45.271,5.773,0,0.8826,0.9395,4.225,3.659,2.769,0.0039,2115,36
2018-11-25,6230,Initiative populaire «Pour la dignité des animaux de rente agricoles (,realiste_enveloppe,45.271,11.467,10,0.6663,0.8554,3.47,2.636,1.56,0.0039,2115,36
2019-02-10,6260,Initiative populaire «Stopper le mitage - pour un développement durabl,adversarial_bas,36.339,24.778,135,0.8036,0.8291,11.213,6.819,3.805,0.0108,2115,39
2019-02-10,6260,Initiative populaire «Stopper le mitage - pour un développement durabl,adversarial_bas_mediane,36.339,24.778,135,0.8036,0.8291,11.213,6.819,3.805,0.0108,2115,39
2019-02-10,6260,Initiative populaire «Stopper le mitage - pour un développement durabl,adversarial_bas_depouillement,36.339,28.949,159,0.9395,0.9693,15.125,10.629,6.898,0.0108,2115,39
2019-02-10,6260,Initiative populaire «Stopper le mitage - pour un développement durabl,adversarial_haut,36.339,27.76,124,0.8554,0.9395,12.628,6.103,2.702,0.0548,2115,39
2019-02-10,6260,Initiative populaire «Stopper le mitage - pour un développement durabl,adversarial_haut_mediane,36.339,27.76,124,0.8554,0.9395,12.628,6.103,2.702,0.0548,2115,39
2019-02-10,6260,Initiative populaire «Stopper le mitage - pour un développement durabl,adversarial_haut_depouillement,36.339,20.168,147,0.9693,1.0,14.269,11.694,6.898,0.0548,2115,39
2019-02-10,6260,Initiative populaire «Stopper le mitage - pour un développement durabl,realiste,36.339,2.04,0,0.0875,0.5031,0.949,0.711,0.489,0.0044,2115,39
2019-02-10,6260,Initiative populaire «Stopper le mitage - pour un développement durabl,realiste_mediane,36.339,2.282,0,0.0992,0.5031,0.97,0.726,0.486,0.0044,2115,39
2019-02-10,6260,Initiative populaire «Stopper le mitage - pour un développement durabl,realiste_depouillement,36.339,5.854,0,0.9106,0.9693,4.564,4.077,3.299,0.0044,2115,39
2019-02-10,6260,Initiative populaire «Stopper le mitage - pour un développement durabl,realiste_enveloppe,36.339,7.135,0,0.3352,0.7318,1.615,1.091,0.77,0.0044,2115,39
2019-05-19,6270,Loi fédérale relative à la réforme fiscale et au financement de l'AVS ,adversarial_bas,66.384,28.061,109,0.8826,0.9395,8.716,6.156,3.469,0.0215,2115,40
2019-05-19,6270,Loi fédérale relative à la réforme fiscale et au financement de l'AVS ,adversarial_bas_mediane,66.384,28.061,109,0.8826,0.9395,8.716,6.156,3.469,0.0215,2115,40
2019-05-19,6270,Loi fédérale relative à la réforme fiscale et au financement de l'AVS ,adversarial_bas_depouillement,66.384,23.981,143,0.9693,1.0,11.72,8.563,5.355,0.0215,2115,40
2019-05-19,6270,Loi fédérale relative à la réforme fiscale et au financement de l'AVS ,adversarial_haut,66.384,27.219,114,0.8826,0.9395,8.574,4.719,3.269,0.044,2115,40
2019-05-19,6270,Loi fédérale relative à la réforme fiscale et au financement de l'AVS ,adversarial_haut_mediane,66.384,27.219,114,0.8826,0.9395,8.574,4.719,3.269,0.044,2115,40
2019-05-19,6270,Loi fédérale relative à la réforme fiscale et au financement de l'AVS ,adversarial_haut_depouillement,66.384,22.736,150,0.9395,0.9693,14.203,9.178,5.356,0.044,2115,40
2019-05-19,6270,Loi fédérale relative à la réforme fiscale et au financement de l'AVS ,realiste,66.384,1.449,0,0.0111,0.1023,0.502,0.335,0.133,0.0039,2115,40
2019-05-19,6270,Loi fédérale relative à la réforme fiscale et au financement de l'AVS ,realiste_mediane,66.384,1.496,0,0.0115,0.1056,0.509,0.339,0.142,0.0039,2115,40
2019-05-19,6270,Loi fédérale relative à la réforme fiscale et au financement de l'AVS ,realiste_depouillement,66.384,0.625,0,0.002,0.2234,0.597,0.473,0.222,0.0039,2115,40
2019-05-19,6270,Loi fédérale relative à la réforme fiscale et au financement de l'AVS ,realiste_enveloppe,66.384,5.222,0,0.1911,0.7789,1.38,0.811,0.596,0.0039,2115,40
2020-02-09,6290,Initiative populaire «Davantage de logements abordables»,adversarial_bas,42.947,31.753,152,0.8036,0.8826,13.657,9.257,4.191,0.0162,2115,42
2020-02-09,6290,Initiative populaire «Davantage de logements abordables»,adversarial_bas_mediane,42.947,31.753,152,0.8036,0.8826,13.657,9.257,4.191,0.0162,2115,42
2020-02-09,6290,Initiative populaire «Davantage de logements abordables»,adversarial_bas_depouillement,42.947,31.098,180,0.9693,1.0,19.537,15.595,10.892,0.0162,2115,42
2020-02-09,6290,Initiative populaire «Davantage de logements abordables»,adversarial_haut,42.947,126.762,37,0.5355,0.6458,6.577,3.09,1.261,0.1313,2115,42
2020-02-09,6290,Initiative populaire «Davantage de logements abordables»,adversarial_haut_mediane,42.947,126.762,37,0.5355,0.6458,6.577,3.09,1.261,0.1313,2115,42
2020-02-09,6290,Initiative populaire «Davantage de logements abordables»,adversarial_haut_depouillement,42.947,29.975,107,0.9693,1.0,23.911,18.983,10.892,0.1313,2115,42
2020-02-09,6290,Initiative populaire «Davantage de logements abordables»,realiste,42.947,5.769,0,0.6458,0.8291,3.38,2.41,1.416,0.0044,2115,42
2020-02-09,6290,Initiative populaire «Davantage de logements abordables»,realiste_mediane,42.947,5.709,0,0.6663,0.8291,3.428,2.403,1.466,0.0044,2115,42
2020-02-09,6290,Initiative populaire «Davantage de logements abordables»,realiste_depouillement,42.947,8.723,0,0.9395,0.9693,7.866,7.208,5.744,0.0044,2115,42
2020-02-09,6290,Initiative populaire «Davantage de logements abordables»,realiste_enveloppe,42.947,9.208,0,0.7789,0.8826,3.96,2.79,1.743,0.0044,2115,42
2020-09-27,6310,Initiative populaire «Pour une immigration modérée (initiative de limi,adversarial_bas,38.295,23.717,43,0.755,0.9106,7.105,4.262,1.837,0.0903,2115,44
2020-09-27,6310,Initiative populaire «Pour une immigration modérée (initiative de limi,adversarial_bas_mediane,38.295,23.717,43,0.755,0.9106,7.105,4.262,1.837,0.0903,2115,44
2020-09-27,6310,Initiative populaire «Pour une immigration modérée (initiative de limi,adversarial_bas_depouillement,38.295,21.632,96,0.9693,1.0,18.075,14.274,9.182,0.0903,2115,44
2020-09-27,6310,Initiative populaire «Pour une immigration modérée (initiative de limi,adversarial_haut,38.295,27.119,96,0.5355,0.626,6.761,3.295,1.101,0.0105,2115,44
2020-09-27,6310,Initiative populaire «Pour une immigration modérée (initiative de limi,adversarial_haut_mediane,38.295,27.119,96,0.5355,0.626,6.761,3.295,1.101,0.0105,2115,44
2020-09-27,6310,Initiative populaire «Pour une immigration modérée (initiative de limi,adversarial_haut_depouillement,38.295,40.359,175,0.9693,1.0,19.852,14.626,9.183,0.0105,2115,44
2020-09-27,6310,Initiative populaire «Pour une immigration modérée (initiative de limi,realiste,38.295,0.927,0,0.002,0.0051,0.165,0.114,0.093,0.0032,2115,44
2020-09-27,6310,Initiative populaire «Pour une immigration modérée (initiative de limi,realiste_mediane,38.295,0.977,0,0.002,0.0046,0.176,0.106,0.098,0.0032,2115,44
2020-09-27,6310,Initiative populaire «Pour une immigration modérée (initiative de limi,realiste_depouillement,38.295,7.03,0,0.9395,0.9693,6.263,5.481,4.166,0.0032,2115,44
2020-09-27,6310,Initiative populaire «Pour une immigration modérée (initiative de limi,realiste_enveloppe,38.295,4.334,0,0.0354,0.1442,0.687,0.351,0.257,0.0032,2115,44
2020-11-29,6360,Initiative populaire « Entreprises responsables - pour protéger l'être,adversarial_bas,50.731,55.188,97,0.5355,0.5881,7.772,4.402,1.13,0.0332,2115,49
2020-11-29,6360,Initiative populaire « Entreprises responsables - pour protéger l'être,adversarial_bas_mediane,50.731,55.188,97,0.5355,0.5881,7.772,4.402,1.13,0.0332,2115,49
2020-11-29,6360,Initiative populaire « Entreprises responsables - pour protéger l'être,adversarial_bas_depouillement,50.731,34.292,176,0.9693,1.0,18.586,14.507,9.65,0.0332,2115,49
2020-11-29,6360,Initiative populaire « Entreprises responsables - pour protéger l'être,adversarial_haut,50.731,14.441,41,0.7318,0.8826,4.997,2.58,1.494,0.0772,2115,49
2020-11-29,6360,Initiative populaire « Entreprises responsables - pour protéger l'être,adversarial_haut_mediane,50.731,14.441,41,0.7318,0.8826,4.997,2.58,1.494,0.0772,2115,49
2020-11-29,6360,Initiative populaire « Entreprises responsables - pour protéger l'être,adversarial_haut_depouillement,50.731,25.906,176,0.9693,1.0,20.567,15.928,9.65,0.0772,2115,49
2020-11-29,6360,Initiative populaire « Entreprises responsables - pour protéger l'être,realiste,50.731,0.466,0,0.002,0.002,0.081,0.163,0.124,0.0039,2115,49
2020-11-29,6360,Initiative populaire « Entreprises responsables - pour protéger l'être,realiste_mediane,50.731,0.647,0,0.002,0.0026,0.091,0.177,0.124,0.0039,2115,49
2020-11-29,6360,Initiative populaire « Entreprises responsables - pour protéger l'être,realiste_depouillement,50.731,5.154,0,0.9395,0.9693,5.101,4.953,4.301,0.0039,2115,49
2020-11-29,6360,Initiative populaire « Entreprises responsables - pour protéger l'être,realiste_enveloppe,50.731,3.808,0,0.0377,0.3458,0.613,0.53,0.394,0.0039,2115,49
2021-03-07,6380,Initiative «Oui à l'interdiction de se dissimuler le visage»,adversarial_bas,51.194,8.567,0,0.626,0.8554,6.981,1.987,1.195,0.1273,2115,51
2021-03-07,6380,Initiative «Oui à l'interdiction de se dissimuler le visage»,adversarial_bas_mediane,51.194,8.567,0,0.626,0.8554,6.981,1.987,1.195,0.1273,2115,51
2021-03-07,6380,Initiative «Oui à l'interdiction de se dissimuler le visage»,adversarial_bas_depouillement,51.194,21.313,54,0.9693,1.0,19.142,12.951,7.397,0.1273,2115,51
2021-03-07,6380,Initiative «Oui à l'interdiction de se dissimuler le visage»,adversarial_haut,51.194,19.979,124,0.8554,0.9395,9.65,6.054,3.241,0.0051,2115,51
2021-03-07,6380,Initiative «Oui à l'interdiction de se dissimuler le visage»,adversarial_haut_mediane,51.194,19.979,124,0.8554,0.9395,9.65,6.054,3.241,0.0051,2115,51
2021-03-07,6380,Initiative «Oui à l'interdiction de se dissimuler le visage»,adversarial_haut_depouillement,51.194,28.097,162,0.9693,1.0,14.645,10.974,7.396,0.0051,2115,51
2021-03-07,6380,Initiative «Oui à l'interdiction de se dissimuler le visage»,realiste,51.194,2.285,0,0.444,0.8036,1.184,1.081,0.961,0.0037,2115,51
2021-03-07,6380,Initiative «Oui à l'interdiction de se dissimuler le visage»,realiste_mediane,51.194,2.496,0,0.5031,0.8291,1.216,1.089,0.992,0.0037,2115,51
2021-03-07,6380,Initiative «Oui à l'interdiction de se dissimuler le visage»,realiste_depouillement,51.194,8.07,0,0.9395,0.9693,6.133,5.239,4.15,0.0037,2115,51
2021-03-07,6380,Initiative «Oui à l'interdiction de se dissimuler le visage»,realiste_enveloppe,51.194,6.035,0,0.7318,0.8826,1.711,1.481,1.331,0.0037,2115,51
2021-06-13,6410,Initiative populaire «Pour une eau potable propre et une alimentation ,adversarial_bas,39.309,27.215,136,0.8554,0.9395,12.052,6.859,3.316,0.0115,2115,54
2021-06-13,6410,Initiative populaire «Pour une eau potable propre et une alimentation ,adversarial_bas_mediane,39.309,27.215,136,0.8554,0.9395,12.052,6.859,3.316,0.0115,2115,54
2021-06-13,6410,Initiative populaire «Pour une eau potable propre et une alimentation ,adversarial_bas_depouillement,39.309,31.294,177,0.9693,1.0,20.252,15.113,9.834,0.0115,2115,54
2021-06-13,6410,Initiative populaire «Pour une eau potable propre et une alimentation ,adversarial_haut,39.309,7.485,0,0.755,0.8826,3.727,1.948,1.414,0.1056,2115,54
2021-06-13,6410,Initiative populaire «Pour une eau potable propre et une alimentation ,adversarial_haut_mediane,39.309,7.485,0,0.755,0.8826,3.727,1.948,1.414,0.1056,2115,54
2021-06-13,6410,Initiative populaire «Pour une eau potable propre et une alimentation ,adversarial_haut_depouillement,39.309,24.974,57,0.9693,1.0,23.886,16.809,9.834,0.1056,2115,54
2021-06-13,6410,Initiative populaire «Pour une eau potable propre et une alimentation ,realiste,39.309,1.203,0,0.0267,0.7789,0.885,0.795,0.699,0.003,2115,54
2021-06-13,6410,Initiative populaire «Pour une eau potable propre et une alimentation ,realiste_mediane,39.309,1.315,0,0.0243,0.8036,0.907,0.823,0.717,0.003,2115,54
2021-06-13,6410,Initiative populaire «Pour une eau potable propre et une alimentation ,realiste_depouillement,39.309,12.006,87,0.9693,1.0,8.658,7.265,5.626,0.003,2115,54
2021-06-13,6410,Initiative populaire «Pour une eau potable propre et une alimentation ,realiste_enveloppe,39.309,5.03,0,0.4726,0.8554,1.573,1.167,0.964,0.003,2115,54
2021-09-26,6460,"Initiative populaire «Alléger les impôts sur les salaires, imposer équ",adversarial_bas,35.122,19.563,120,0.755,0.8291,9.212,5.96,3.12,0.0173,2115,59
2021-09-26,6460,"Initiative populaire «Alléger les impôts sur les salaires, imposer équ",adversarial_bas_mediane,35.122,19.563,120,0.755,0.8291,9.212,5.96,3.12,0.0173,2115,59
2021-09-26,6460,"Initiative populaire «Alléger les impôts sur les salaires, imposer équ",adversarial_bas_depouillement,35.122,21.574,165,0.9693,1.0,14.437,11.381,8.061,0.0173,2115,59
2021-09-26,6460,"Initiative populaire «Alléger les impôts sur les salaires, imposer équ",adversarial_haut,35.122,20.917,36,0.5881,0.7318,6.236,2.101,1.247,0.0726,2115,59
2021-09-26,6460,"Initiative populaire «Alléger les impôts sur les salaires, imposer équ",adversarial_haut_mediane,35.122,20.917,36,0.5881,0.7318,6.236,2.101,1.247,0.0726,2115,59
2021-09-26,6460,"Initiative populaire «Alléger les impôts sur les salaires, imposer équ",adversarial_haut_depouillement,35.122,25.618,92,0.9693,1.0,19.083,14.442,8.062,0.0726,2115,59
2021-09-26,6460,"Initiative populaire «Alléger les impôts sur les salaires, imposer équ",realiste,35.122,2.768,0,0.2958,0.6067,1.475,1.081,0.644,0.003,2115,59
2021-09-26,6460,"Initiative populaire «Alléger les impôts sur les salaires, imposer équ",realiste_mediane,35.122,2.837,0,0.3052,0.6067,1.496,1.106,0.657,0.003,2115,59
2021-09-26,6460,"Initiative populaire «Alléger les impôts sur les salaires, imposer équ",realiste_depouillement,35.122,4.95,0,0.9395,0.9693,4.877,4.593,3.989,0.003,2115,59
2021-09-26,6460,"Initiative populaire «Alléger les impôts sur les salaires, imposer équ",realiste_enveloppe,35.122,6.123,0,0.444,0.755,1.993,1.421,0.89,0.003,2115,59
2021-11-28,6480,Initiative populaire «Pour des soins infirmiers forts» (Initiative sur,adversarial_bas,60.982,17.774,81,0.6067,0.7093,6.937,4.161,1.613,0.0139,2115,61
2021-11-28,6480,Initiative populaire «Pour des soins infirmiers forts» (Initiative sur,adversarial_bas_mediane,60.982,17.774,81,0.6067,0.7093,6.937,4.161,1.613,0.0139,2115,61
2021-11-28,6480,Initiative populaire «Pour des soins infirmiers forts» (Initiative sur,adversarial_bas_depouillement,60.982,21.145,133,0.9395,0.9693,10.668,7.61,4.812,0.0139,2115,61
2021-11-28,6480,Initiative populaire «Pour des soins infirmiers forts» (Initiative sur,adversarial_haut,60.982,18.229,103,0.8036,0.9106,6.424,4.338,2.296,0.0354,2115,61
2021-11-28,6480,Initiative populaire «Pour des soins infirmiers forts» (Initiative sur,adversarial_haut_mediane,60.982,18.229,103,0.8036,0.9106,6.424,4.338,2.296,0.0354,2115,61
2021-11-28,6480,Initiative populaire «Pour des soins infirmiers forts» (Initiative sur,adversarial_haut_depouillement,60.982,15.962,128,0.9395,0.9693,10.174,7.757,4.812,0.0354,2115,61
2021-11-28,6480,Initiative populaire «Pour des soins infirmiers forts» (Initiative sur,realiste,60.982,0.76,0,0.002,0.0032,0.135,0.132,0.152,0.0026,2115,61
2021-11-28,6480,Initiative populaire «Pour des soins infirmiers forts» (Initiative sur,realiste_mediane,60.982,0.638,0,0.002,0.003,0.135,0.111,0.146,0.0026,2115,61
2021-11-28,6480,Initiative populaire «Pour des soins infirmiers forts» (Initiative sur,realiste_depouillement,60.982,1.985,0,0.8291,0.9395,1.929,1.966,1.753,0.0026,2115,61
2021-11-28,6480,Initiative populaire «Pour des soins infirmiers forts» (Initiative sur,realiste_enveloppe,60.982,4.903,0,0.0343,0.1971,0.678,0.445,0.345,0.0026,2115,61
2022-02-13,6510,Initiative populaire «Oui à l'interdiction de l'expérimentation animal,adversarial_bas,20.86,11.982,33,0.8554,0.9395,5.418,3.712,2.293,0.0095,2115,64
2022-02-13,6510,Initiative populaire «Oui à l'interdiction de l'expérimentation animal,adversarial_bas_mediane,20.86,11.982,33,0.8554,0.9395,5.418,3.712,2.293,0.0095,2115,64
2022-02-13,6510,Initiative populaire «Oui à l'interdiction de l'expérimentation animal,adversarial_bas_depouillement,20.86,12.811,51,0.9106,0.9693,6.261,4.583,2.946,0.0095,2115,64
2022-02-13,6510,Initiative populaire «Oui à l'interdiction de l'expérimentation animal,adversarial_haut,20.86,19.789,56,0.755,0.9106,6.218,3.537,1.949,0.0178,2115,64
2022-02-13,6510,Initiative populaire «Oui à l'interdiction de l'expérimentation animal,adversarial_haut_mediane,20.86,19.789,56,0.755,0.9106,6.218,3.537,1.949,0.0178,2115,64
2022-02-13,6510,Initiative populaire «Oui à l'interdiction de l'expérimentation animal,adversarial_haut_depouillement,20.86,20.454,113,0.8554,0.9395,8.571,5.315,2.941,0.0178,2115,64
2022-02-13,6510,Initiative populaire «Oui à l'interdiction de l'expérimentation animal,realiste,20.86,2.658,0,0.3052,0.6663,1.603,1.106,0.692,0.0036,2115,64
2022-02-13,6510,Initiative populaire «Oui à l'interdiction de l'expérimentation animal,realiste_mediane,20.86,2.791,0,0.3249,0.6663,1.611,1.111,0.687,0.0036,2115,64
2022-02-13,6510,Initiative populaire «Oui à l'interdiction de l'expérimentation animal,realiste_depouillement,20.86,0.756,0,0.002,0.1442,0.486,0.495,0.465,0.0036,2115,64
2022-02-13,6510,Initiative populaire «Oui à l'interdiction de l'expérimentation animal,realiste_enveloppe,20.86,5.92,0,0.4726,0.8291,2.127,1.462,0.931,0.0036,2115,64
2022-05-15,6550,Modification de la loi fédérale sur la culture et la production cinéma,adversarial_bas,58.418,20.3,134,0.8291,0.8554,10.811,7.343,2.715,0.0332,2115,68
2022-05-15,6550,Modification de la loi fédérale sur la culture et la production cinéma,adversarial_bas_mediane,58.418,20.3,134,0.8291,0.8554,10.811,7.343,2.715,0.0332,2115,68
2022-05-15,6550,Modification de la loi fédérale sur la culture et la production cinéma,adversarial_bas_depouillement,58.418,33.814,171,0.9693,1.0,16.3,12.631,8.703,0.0332,2115,68
2022-05-15,6550,Modification de la loi fédérale sur la culture et la production cinéma,adversarial_haut,58.418,30.803,122,0.7093,0.8826,7.097,2.057,1.151,0.0661,2115,68
2022-05-15,6550,Modification de la loi fédérale sur la culture et la production cinéma,adversarial_haut_mediane,58.418,30.803,122,0.7093,0.8826,7.097,2.057,1.151,0.0661,2115,68
2022-05-15,6550,Modification de la loi fédérale sur la culture et la production cinéma,adversarial_haut_depouillement,58.418,25.093,173,0.9693,1.0,19.148,14.51,8.703,0.0661,2115,68
2022-05-15,6550,Modification de la loi fédérale sur la culture et la production cinéma,realiste,58.418,0.756,0,0.002,0.1124,0.525,0.399,0.265,0.0039,2115,68
2022-05-15,6550,Modification de la loi fédérale sur la culture et la production cinéma,realiste_mediane,58.418,0.783,0,0.002,0.1159,0.496,0.419,0.283,0.0039,2115,68
2022-05-15,6550,Modification de la loi fédérale sur la culture et la production cinéma,realiste_depouillement,58.418,3.16,0,0.8826,0.9395,3.028,3.107,2.71,0.0039,2115,68
2022-05-15,6550,Modification de la loi fédérale sur la culture et la production cinéma,realiste_enveloppe,58.418,4.55,0,0.1124,0.57,1.189,0.758,0.546,0.0039,2115,68
2022-09-25,6580,Initiative populaire «Non à l'élevage intensif en Suisse (initiative s,adversarial_bas,37.135,29.946,98,0.755,0.8826,7.989,4.558,2.286,0.0122,2115,71
2022-09-25,6580,Initiative populaire «Non à l'élevage intensif en Suisse (initiative s,adversarial_bas_mediane,37.135,29.946,98,0.755,0.8826,7.989,4.558,2.286,0.0122,2115,71
2022-09-25,6580,Initiative populaire «Non à l'élevage intensif en Suisse (initiative s,adversarial_bas_depouillement,37.135,30.542,175,0.9693,1.0,18.584,14.113,9.393,0.0122,2115,71
2022-09-25,6580,Initiative populaire «Non à l'élevage intensif en Suisse (initiative s,adversarial_haut,37.135,388.394,3,0.1911,0.6067,0.497,0.215,0.641,0.1023,2115,71
2022-09-25,6580,Initiative populaire «Non à l'élevage intensif en Suisse (initiative s,adversarial_haut_mediane,37.135,388.394,3,0.1911,0.6067,0.497,0.215,0.641,0.1023,2115,71
2022-09-25,6580,Initiative populaire «Non à l'élevage intensif en Suisse (initiative s,adversarial_haut_depouillement,37.135,25.003,58,0.9693,1.0,23.461,16.406,9.391,0.1023,2115,71
2022-09-25,6580,Initiative populaire «Non à l'élevage intensif en Suisse (initiative s,realiste,37.135,0.734,0,0.002,0.007,0.31,0.319,0.329,0.0031,2115,71
2022-09-25,6580,Initiative populaire «Non à l'élevage intensif en Suisse (initiative s,realiste_mediane,37.135,0.896,0,0.002,0.0162,0.309,0.323,0.359,0.0031,2115,71
2022-09-25,6580,Initiative populaire «Non à l'élevage intensif en Suisse (initiative s,realiste_depouillement,37.135,10.918,63,0.9395,0.9693,8.254,6.93,5.318,0.0031,2115,71
2022-09-25,6580,Initiative populaire «Non à l'élevage intensif en Suisse (initiative s,realiste_enveloppe,37.135,4.247,0,0.0661,0.755,0.685,0.55,0.515,0.0031,2115,71
2023-06-18,6620,Arrêté fédéral sur une imposition particulière des grands groupes d'en,adversarial_bas,78.455,13.469,69,0.755,0.8291,8.332,5.287,2.828,0.0084,2115,75
2023-06-18,6620,Arrêté fédéral sur une imposition particulière des grands groupes d'en,adversarial_bas_mediane,78.455,13.469,69,0.755,0.8291,8.332,5.287,2.828,0.0084,2115,75
2023-06-18,6620,Arrêté fédéral sur une imposition particulière des grands groupes d'en,adversarial_bas_depouillement,78.455,19.259,118,0.9106,0.9693,9.513,6.699,4.094,0.0084,2115,75
2023-06-18,6620,Arrêté fédéral sur une imposition particulière des grands groupes d'en,adversarial_haut,78.455,16.656,102,0.8826,0.9395,5.983,4.002,2.518,0.0267,2115,75
2023-06-18,6620,Arrêté fédéral sur une imposition particulière des grands groupes d'en,adversarial_haut_mediane,78.455,16.656,102,0.8826,0.9395,5.983,4.002,2.518,0.0267,2115,75
2023-06-18,6620,Arrêté fédéral sur une imposition particulière des grands groupes d'en,adversarial_haut_depouillement,78.455,14.884,113,0.9106,0.9693,8.916,6.499,4.094,0.0267,2115,75
2023-06-18,6620,Arrêté fédéral sur une imposition particulière des grands groupes d'en,realiste,78.455,1.488,0,0.174,0.8291,1.029,0.969,0.844,0.0036,2115,75
2023-06-18,6620,Arrêté fédéral sur une imposition particulière des grands groupes d'en,realiste_mediane,78.455,1.633,0,0.1442,0.8554,1.022,0.97,0.875,0.0036,2115,75
2023-06-18,6620,Arrêté fédéral sur une imposition particulière des grands groupes d'en,realiste_depouillement,78.455,0.697,0,0.002,0.0143,0.24,0.023,0.304,0.0036,2115,75
2023-06-18,6620,Arrêté fédéral sur une imposition particulière des grands groupes d'en,realiste_enveloppe,78.455,4.55,0,0.7318,0.9106,1.522,1.334,1.152,0.0036,2115,75
2024-03-03,6650,Initiative populaire «Mieux vivre à la retraite (initiative pour une 1,adversarial_bas,58.248,34.798,141,0.755,0.755,12.175,7.653,4.03,0.0267,2115,78
2024-03-03,6650,Initiative populaire «Mieux vivre à la retraite (initiative pour une 1,adversarial_bas_mediane,58.248,34.798,141,0.755,0.755,12.175,7.653,4.03,0.0267,2115,78
2024-03-03,6650,Initiative populaire «Mieux vivre à la retraite (initiative pour une 1,adversarial_bas_depouillement,58.248,32.528,178,0.9693,1.0,20.122,15.087,10.076,0.0267,2115,78
2024-03-03,6650,Initiative populaire «Mieux vivre à la retraite (initiative pour une 1,adversarial_haut,58.248,1501.826,149,0.8554,0.9395,13.695,8.7,3.128,0.0414,2115,78
2024-03-03,6650,Initiative populaire «Mieux vivre à la retraite (initiative pour une 1,adversarial_haut_mediane,58.248,1501.826,149,0.8554,0.9395,13.695,8.7,3.128,0.0414,2115,78
2024-03-03,6650,Initiative populaire «Mieux vivre à la retraite (initiative pour une 1,adversarial_haut_depouillement,58.248,29.824,178,0.9693,1.0,21.942,17.589,10.081,0.0414,2115,78
2024-03-03,6650,Initiative populaire «Mieux vivre à la retraite (initiative pour une 1,realiste,58.248,1.55,0,0.2377,0.6875,1.236,0.965,0.66,0.0028,2115,78
2024-03-03,6650,Initiative populaire «Mieux vivre à la retraite (initiative pour une 1,realiste_mediane,58.248,1.725,0,0.2531,0.6875,1.258,0.992,0.686,0.0028,2115,78
2024-03-03,6650,Initiative populaire «Mieux vivre à la retraite (initiative pour une 1,realiste_depouillement,58.248,1.994,0,0.7093,0.8826,0.649,1.076,1.21,0.0028,2115,78
2024-03-03,6650,Initiative populaire «Mieux vivre à la retraite (initiative pour une 1,realiste_enveloppe,58.248,5.622,0,0.519,0.8554,1.899,1.401,1.004,0.0028,2115,78
2024-06-09,6670,Initiative populaire « Maximum 10% du revenu pour les primes d'assuran,adversarial_bas,44.528,40.955,135,0.7093,0.755,13.053,7.744,3.127,0.0749,2115,80
2024-06-09,6670,Initiative populaire « Maximum 10% du revenu pour les primes d'assuran,adversarial_bas_mediane,44.528,40.955,135,0.7093,0.755,13.053,7.744,3.127,0.0749,2115,80
2024-06-09,6670,Initiative populaire « Maximum 10% du revenu pour les primes d'assuran,adversarial_bas_depouillement,44.528,27.252,181,0.9693,1.0,19.435,15.67,11.084,0.0749,2115,80
2024-06-09,6670,Initiative populaire « Maximum 10% du revenu pour les primes d'assuran,adversarial_haut,44.528,30.144,128,0.6875,0.8036,10.819,4.323,1.673,0.0499,2115,80
2024-06-09,6670,Initiative populaire « Maximum 10% du revenu pour les primes d'assuran,adversarial_haut_mediane,44.528,30.144,128,0.6875,0.8036,10.819,4.323,1.673,0.0499,2115,80
2024-06-09,6670,Initiative populaire « Maximum 10% du revenu pour les primes d'assuran,adversarial_haut_depouillement,44.528,33.547,180,0.9693,1.0,24.136,18.52,11.086,0.0499,2115,80
2024-06-09,6670,Initiative populaire « Maximum 10% du revenu pour les primes d'assuran,realiste,44.528,1.236,0,0.0029,0.0236,0.34,0.168,0.088,0.0037,2115,80
2024-06-09,6670,Initiative populaire « Maximum 10% du revenu pour les primes d'assuran,realiste_mediane,44.528,1.136,0,0.0041,0.0303,0.346,0.174,0.092,0.0037,2115,80
2024-06-09,6670,Initiative populaire « Maximum 10% du revenu pour les primes d'assuran,realiste_depouillement,44.528,2.373,0,0.8826,0.9395,1.557,2.146,2.332,0.0037,2115,80
2024-06-09,6670,Initiative populaire « Maximum 10% du revenu pour les primes d'assuran,realiste_enveloppe,44.528,5.836,0,0.0661,0.3249,0.879,0.527,0.336,0.0037,2115,80
2024-09-22,6710,Initiative populaire «Pour l'avenir de notre nature et de notre paysag,adversarial_bas,36.961,25.521,107,0.6458,0.7093,7.951,4.53,1.882,0.0126,2115,84
2024-09-22,6710,Initiative populaire «Pour l'avenir de notre nature et de notre paysag,adversarial_bas_mediane,36.961,25.521,107,0.6458,0.7093,7.951,4.53,1.882,0.0126,2115,84
2024-09-22,6710,Initiative populaire «Pour l'avenir de notre nature et de notre paysag,adversarial_bas_depouillement,36.961,30.685,177,0.9693,1.0,18.749,14.323,9.809,0.0126,2115,84
2024-09-22,6710,Initiative populaire «Pour l'avenir de notre nature et de notre paysag,adversarial_haut,36.961,16.169,20,0.4726,0.6663,11.679,3.152,0.895,0.1273,2115,84
2024-09-22,6710,Initiative populaire «Pour l'avenir de notre nature et de notre paysag,adversarial_haut_mediane,36.961,16.169,20,0.4726,0.6663,11.679,3.152,0.895,0.1273,2115,84
2024-09-22,6710,Initiative populaire «Pour l'avenir de notre nature et de notre paysag,adversarial_haut_depouillement,36.961,24.696,67,0.9693,1.0,23.211,17.29,9.809,0.1273,2115,84
2024-09-22,6710,Initiative populaire «Pour l'avenir de notre nature et de notre paysag,realiste,36.961,1.042,0,0.0023,0.0484,0.39,0.194,0.021,0.0035,2115,84
2024-09-22,6710,Initiative populaire «Pour l'avenir de notre nature et de notre paysag,realiste_mediane,36.961,1.104,0,0.0033,0.064,0.38,0.2,0.025,0.0035,2115,84
2024-09-22,6710,Initiative populaire «Pour l'avenir de notre nature et de notre paysag,realiste_depouillement,36.961,10.186,24,0.9395,1.0,8.281,7.177,5.637,0.0035,2115,84
2024-09-22,6710,Initiative populaire «Pour l'avenir de notre nature et de notre paysag,realiste_enveloppe,36.961,5.249,0,0.0682,0.3249,0.82,0.566,0.276,0.0035,2115,84
2024-11-24,6730,Arrêté fédéral sur l'étape d'aménagement 2023 des routes nationales,adversarial_bas,47.299,25.034,40,0.8291,0.9395,6.998,5.523,3.226,0.0427,2115,86
2024-11-24,6730,Arrêté fédéral sur l'étape d'aménagement 2023 des routes nationales,adversarial_bas_mediane,47.299,25.034,40,0.8291,0.9395,6.998,5.523,3.226,0.0427,2115,86
2024-11-24,6730,Arrêté fédéral sur l'étape d'aménagement 2023 des routes nationales,adversarial_bas_depouillement,47.299,22.033,94,0.9693,1.0,16.591,12.48,7.747,0.0427,2115,86
2024-11-24,6730,Arrêté fédéral sur l'étape d'aménagement 2023 des routes nationales,adversarial_haut,47.299,25.793,141,0.8036,0.8826,12.396,7.978,4.131,0.0143,2115,86
2024-11-24,6730,Arrêté fédéral sur l'étape d'aménagement 2023 des routes nationales,adversarial_haut_mediane,47.299,25.793,141,0.8036,0.8826,12.396,7.978,4.131,0.0143,2115,86
2024-11-24,6730,Arrêté fédéral sur l'étape d'aménagement 2023 des routes nationales,adversarial_haut_depouillement,47.299,25.265,166,0.9693,1.0,15.493,11.75,7.747,0.0143,2115,86
2024-11-24,6730,Arrêté fédéral sur l'étape d'aménagement 2023 des routes nationales,realiste,47.299,1.486,0,0.0354,0.2098,0.687,0.437,0.262,0.0036,2115,86
2024-11-24,6730,Arrêté fédéral sur l'étape d'aménagement 2023 des routes nationales,realiste_mediane,47.299,1.629,0,0.0499,0.2304,0.629,0.42,0.26,0.0036,2115,86
2024-11-24,6730,Arrêté fédéral sur l'étape d'aménagement 2023 des routes nationales,realiste_depouillement,47.299,3.53,0,0.9106,0.9693,3.424,3.451,3.065,0.0036,2115,86
2024-11-24,6730,Arrêté fédéral sur l'étape d'aménagement 2023 des routes nationales,realiste_enveloppe,47.299,6.412,0,0.3149,0.755,1.622,1.002,0.799,0.0036,2115,86
2025-02-09,6770,Initiative populaire «Pour une économie responsable respectant les lim,adversarial_bas,30.249,20.269,109,0.6067,0.7093,8.241,4.836,2.048,0.0157,2115,90
2025-02-09,6770,Initiative populaire «Pour une économie responsable respectant les lim,adversarial_bas_mediane,30.249,20.269,109,0.6067,0.7093,8.241,4.836,2.048,0.0157,2115,90
2025-02-09,6770,Initiative populaire «Pour une économie responsable respectant les lim,adversarial_bas_depouillement,30.249,25.075,174,0.9693,1.0,16.051,12.972,9.234,0.0157,2115,90
2025-02-09,6770,Initiative populaire «Pour une économie responsable respectant les lim,adversarial_haut,30.249,10.815,3,0.2531,0.2867,1.845,0.948,0.171,0.1355,2115,90
2025-02-09,6770,Initiative populaire «Pour une économie responsable respectant les lim,adversarial_haut_mediane,30.249,10.815,3,0.2531,0.2867,1.845,0.948,0.171,0.1355,2115,90
2025-02-09,6770,Initiative populaire «Pour une économie responsable respectant les lim,adversarial_haut_depouillement,30.249,27.921,84,0.9693,1.0,21.909,16.368,9.235,0.1355,2115,90
2025-02-09,6770,Initiative populaire «Pour une économie responsable respectant les lim,realiste,30.249,0.329,0,0.002,0.002,0.072,0.072,0.003,0.004,2115,90
2025-02-09,6770,Initiative populaire «Pour une économie responsable respectant les lim,realiste_mediane,30.249,0.208,0,0.002,0.002,0.082,0.084,0.006,0.004,2115,90
2025-02-09,6770,Initiative populaire «Pour une économie responsable respectant les lim,realiste_depouillement,30.249,6.372,0,0.9395,0.9693,6.207,5.703,4.731,0.004,2115,90
2025-02-09,6770,Initiative populaire «Pour une économie responsable respectant les lim,realiste_enveloppe,30.249,4.071,0,0.0215,0.2377,0.601,0.464,0.318,0.004,2115,90
2025-09-28,6780,Arrêté fédéral relatif à l'impôt immobilier cantonal sur les résidence,adversarial_bas,57.726,59.2,100,0.8826,0.9693,15.616,9.341,4.316,0.0454,2115,91
2025-09-28,6780,Arrêté fédéral relatif à l'impôt immobilier cantonal sur les résidence,adversarial_bas_mediane,57.726,59.2,100,0.8826,0.9693,15.616,9.341,4.316,0.0454,2115,91
2025-09-28,6780,Arrêté fédéral relatif à l'impôt immobilier cantonal sur les résidence,adversarial_bas_depouillement,57.726,35.038,128,0.9693,1.0,26.508,20.894,12.02,0.0454,2115,91
2025-09-28,6780,Arrêté fédéral relatif à l'impôt immobilier cantonal sur les résidence,adversarial_haut,57.726,29.298,176,0.8554,0.9106,18.635,14.853,9.537,0.0703,2115,91
2025-09-28,6780,Arrêté fédéral relatif à l'impôt immobilier cantonal sur les résidence,adversarial_haut_mediane,57.726,29.298,176,0.8554,0.9106,18.635,14.853,9.537,0.0703,2115,91
2025-09-28,6780,Arrêté fédéral relatif à l'impôt immobilier cantonal sur les résidence,adversarial_haut_depouillement,57.726,25.68,184,0.9693,1.0,19.463,16.395,12.018,0.0703,2115,91
2025-09-28,6780,Arrêté fédéral relatif à l'impôt immobilier cantonal sur les résidence,realiste,57.726,4.432,0,0.7789,0.9106,3.735,2.855,1.924,0.0033,2115,91
2025-09-28,6780,Arrêté fédéral relatif à l'impôt immobilier cantonal sur les résidence,realiste_mediane,57.726,4.474,0,0.7789,0.9106,3.664,2.877,1.948,0.0033,2115,91
2025-09-28,6780,Arrêté fédéral relatif à l'impôt immobilier cantonal sur les résidence,realiste_depouillement,57.726,3.618,0,0.9395,0.9693,2.838,3.431,3.497,0.0033,2115,91
2025-09-28,6780,Arrêté fédéral relatif à l'impôt immobilier cantonal sur les résidence,realiste_enveloppe,57.726,11.459,7,0.8826,0.9395,4.96,3.73,2.543,0.0033,2115,91
2025-11-30,6800,Initiative populaire « Pour une suisse qui s'engage (initiative servic,adversarial_bas,15.855,11.975,36,0.6875,0.8036,4.607,3.036,1.897,0.0079,2115,93
2025-11-30,6800,Initiative populaire « Pour une suisse qui s'engage (initiative servic,adversarial_bas_mediane,15.855,11.975,36,0.6875,0.8036,4.607,3.036,1.897,0.0079,2115,93
2025-11-30,6800,Initiative populaire « Pour une suisse qui s'engage (initiative servic,adversarial_bas_depouillement,15.855,11.282,47,0.8826,0.9395,6.105,4.453,3.002,0.0079,2115,93
2025-11-30,6800,Initiative populaire « Pour une suisse qui s'engage (initiative servic,adversarial_haut,15.855,11.374,3,0.6663,0.8291,6.726,3.321,1.584,0.0236,2115,93
2025-11-30,6800,Initiative populaire « Pour une suisse qui s'engage (initiative servic,adversarial_haut_mediane,15.855,11.374,3,0.6663,0.8291,6.726,3.321,1.584,0.0236,2115,93
2025-11-30,6800,Initiative populaire « Pour une suisse qui s'engage (initiative servic,adversarial_haut_depouillement,15.855,11.39,47,0.8554,0.9395,6.88,5.103,3.002,0.0236,2115,93
2025-11-30,6800,Initiative populaire « Pour une suisse qui s'engage (initiative servic,realiste,15.855,0.119,0,0.002,0.002,0.03,0.026,0.029,0.0037,2115,93
2025-11-30,6800,Initiative populaire « Pour une suisse qui s'engage (initiative servic,realiste_mediane,15.855,0.251,0,0.002,0.002,0.003,0.037,0.032,0.0037,2115,93
2025-11-30,6800,Initiative populaire « Pour une suisse qui s'engage (initiative servic,realiste_depouillement,15.855,2.579,0,0.755,0.8826,2.134,1.858,1.435,0.0037,2115,93
2025-11-30,6800,Initiative populaire « Pour une suisse qui s'engage (initiative servic,realiste_enveloppe,15.855,2.57,0,0.0134,0.0822,0.415,0.233,0.233,0.0037,2115,93
2026-03-08,6821,Initiative populaire « Oui à une monnaie suisse libre et indépendante ,adversarial_bas,45.613,25.401,111,0.8826,0.9395,6.926,5.458,3.629,0.0703,2115,95
2026-03-08,6821,Initiative populaire « Oui à une monnaie suisse libre et indépendante ,adversarial_bas_mediane,45.613,25.401,111,0.8826,0.9395,6.926,5.458,3.629,0.0703,2115,95
2026-03-08,6821,Initiative populaire « Oui à une monnaie suisse libre et indépendante ,adversarial_bas_depouillement,45.613,20.389,162,0.9693,1.0,13.786,10.882,7.406,0.0703,2115,95
2026-03-08,6821,Initiative populaire « Oui à une monnaie suisse libre et indépendante ,adversarial_haut,45.613,39.597,132,0.8291,0.8826,11.651,5.084,3.015,0.0068,2115,95
2026-03-08,6821,Initiative populaire « Oui à une monnaie suisse libre et indépendante ,adversarial_haut_mediane,45.613,39.597,132,0.8291,0.8826,11.651,5.084,3.015,0.0068,2115,95
2026-03-08,6821,Initiative populaire « Oui à une monnaie suisse libre et indépendante ,adversarial_haut_depouillement,45.613,35.428,167,0.9395,0.9693,17.503,12.622,7.407,0.0068,2115,95
2026-03-08,6821,Initiative populaire « Oui à une monnaie suisse libre et indépendante ,realiste,45.613,1.041,0,0.0044,0.0221,0.251,0.047,0.12,0.0032,2115,95
2026-03-08,6821,Initiative populaire « Oui à une monnaie suisse libre et indépendante ,realiste_mediane,45.613,1.322,0,0.0074,0.0303,0.227,0.026,0.137,0.0032,2115,95
2026-03-08,6821,Initiative populaire « Oui à une monnaie suisse libre et indépendante ,realiste_depouillement,45.613,4.67,0,0.8554,0.9395,3.559,2.898,2.177,0.0032,2115,95
2026-03-08,6821,Initiative populaire « Oui à une monnaie suisse libre et indépendante ,realiste_enveloppe,45.613,5.186,0,0.0822,0.8036,0.855,0.422,0.533,0.0032,2115,95
2026-06-14,6860,Initiative populaire «Pas de Suisse à 10 millions ! (initiative pour l,adversarial_bas,45.209,97.024,10,0.5881,0.755,19.912,4.307,1.34,0.1355,2115,101
2026-06-14,6860,Initiative populaire «Pas de Suisse à 10 millions ! (initiative pour l,adversarial_bas_mediane,45.209,97.024,10,0.5881,0.755,19.912,4.307,1.34,0.1355,2115,101
2026-06-14,6860,Initiative populaire «Pas de Suisse à 10 millions ! (initiative pour l,adversarial_bas_depouillement,45.209,23.07,66,0.9693,1.0,22.236,17.396,10.831,0.1355,2115,101
2026-06-14,6860,Initiative populaire «Pas de Suisse à 10 millions ! (initiative pour l,adversarial_haut,45.209,23.481,116,0.6067,0.6875,8.415,4.102,1.636,0.0152,2115,101
2026-06-14,6860,Initiative populaire «Pas de Suisse à 10 millions ! (initiative pour l,adversarial_haut_mediane,45.209,23.481,116,0.6067,0.6875,8.415,4.102,1.636,0.0152,2115,101
2026-06-14,6860,Initiative populaire «Pas de Suisse à 10 millions ! (initiative pour l,adversarial_haut_depouillement,45.209,41.444,180,0.9693,1.0,22.617,16.766,10.833,0.0152,2115,101
2026-06-14,6860,Initiative populaire «Pas de Suisse à 10 millions ! (initiative pour l,realiste,45.209,0.803,0,0.002,0.0056,0.267,0.201,0.176,0.0027,2115,101
2026-06-14,6860,Initiative populaire «Pas de Suisse à 10 millions ! (initiative pour l,realiste_mediane,45.209,0.888,0,0.002,0.006,0.237,0.203,0.177,0.0027,2115,101
2026-06-14,6860,Initiative populaire «Pas de Suisse à 10 millions ! (initiative pour l,realiste_depouillement,45.209,9.202,0,0.9395,0.9693,8.21,7.027,5.445,0.0027,2115,101
2026-06-14,6860,Initiative populaire «Pas de Suisse à 10 millions ! (initiative pour l,realiste_enveloppe,45.209,4.108,0,0.0548,0.4726,0.897,0.568,0.435,0.0027,2115,101
